<?xml version="1.0" encoding="UTF-8"?>
<!--
  The contents of this file are subject to the terms of the Common Development and
  Distribution License (the License). You may not use this file except in compliance with the
  License.

  You can obtain a copy of the License at legal/CDDLv1.0.txt. See the License for the
  specific language governing permission and limitations under the License.

  When distributing Covered Software, include this CDDL Header Notice in each file and include
  the License file at legal/CDDLv1.0.txt. If applicable, add the following below the CDDL
  Header, with the fields enclosed by brackets [] replaced by your own identifying
  information: "Portions Copyright [year] [name of copyright owner]".

  Copyright 2016-2025 Ping Identity Corporation.
-->
<adm:managed-object name="sample-password-storage-scheme"
  plural-name="sample-password-storage-schemes"
  package="com.example.opendj.pwdscheme"
  parent-package="org.forgerock.opendj.server.config"
  extends="password-storage-scheme"
  xmlns:adm="http://opendj.forgerock.org/admin"
  xmlns:ldap="http://opendj.forgerock.org/admin-ldap">
  <adm:synopsis>
    The
    <adm:user-friendly-name />
    provides an example of mechanism for encoding user passwords, simply using base64 encoding.
  </adm:synopsis>
  <adm:description>
    This scheme contains an example of implementation for the user password syntax,
    with a storage scheme name of "SAMPLE" which simply obfuscate the password by base64 encoding it.
  </adm:description>
  <adm:profile name="ldap">
    <ldap:object-class>
      <ldap:name>ds-cfg-sample-password-storage-scheme</ldap:name>
      <ldap:superior>ds-cfg-password-storage-scheme</ldap:superior>
    </ldap:object-class>
  </adm:profile>
  <adm:property-override name="java-class" advanced="true">
    <adm:default-behavior>
      <adm:defined>
        <adm:value>com.example.opendj.pwdscheme.SamplePasswordStorageScheme</adm:value>
      </adm:defined>
    </adm:default-behavior>
  </adm:property-override>
</adm:managed-object>
