{
  "bomFormat" : "CycloneDX",
  "specVersion" : "1.4",
  "serialNumber" : "urn:uuid:56a386ed-3e0a-4546-a9d9-0967f78523e2",
  "version" : 1,
  "metadata" : {
    "timestamp" : "2025-03-25T22:23:58Z",
    "tools" : [ {
      "vendor" : "Mend.io",
      "name" : "CycloneDX report generator",
      "version" : "1.0.0"
    } ],
    "authors" : [ {
      "name" : "Organization: ForgeRock"
    }, {
      "name" : "Person: ci (ci@pingidentity.com)"
    } ],
    "component" : {
      "name" : "SAST",
      "type" : "application",
      "bom-ref" : "942bb0a5-6c6c-4b32-94eb-688c5c303919"
    },
    "properties" : [ {
      "name" : "reportName",
      "value" : "Product SBOM Report"
    } ]
  }
}