<?xml version="1.0" encoding="utf-8"?>
<!--
  The contents of this file are subject to the terms of the Common Development and
  Distribution License (the License). You may not use this file except in compliance with the
  License.

  You can obtain a copy of the License at legal/CDDLv1.0.txt. See the License for the
  specific language governing permission and limitations under the License.

  When distributing Covered Software, include this CDDL Header Notice in each file and include
  the License file at legal/CDDLv1.0.txt. If applicable, add the following below the CDDL
  Header, with the fields enclosed by brackets [] replaced by your own identifying
  information: "Portions Copyright [year] [name of copyright owner]".

  Copyright 2016-2025 Ping Identity Corporation.
-->
<adm:managed-object name="example-plugin" plural-name="example-plugins"
  package="com.example.opendj" extends="plugin"
  parent-package="org.forgerock.opendj.server.config"
  xmlns:adm="http://opendj.forgerock.org/admin"
  xmlns:ldap="http://opendj.forgerock.org/admin-ldap">
  <adm:synopsis>An example "Hello World" plugin.</adm:synopsis>
  <adm:profile name="ldap">
    <ldap:object-class>
      <ldap:name>ds-cfg-example-plugin</ldap:name>
      <ldap:superior>ds-cfg-plugin</ldap:superior>
    </ldap:object-class>
  </adm:profile>
  <adm:property-override name="java-class">
    <adm:default-behavior>
      <adm:defined>
        <adm:value>com.example.opendj.ExamplePlugin</adm:value>
      </adm:defined>
    </adm:default-behavior>
  </adm:property-override>
  <adm:property name="message">
    <adm:synopsis>The message to be logged.</adm:synopsis>
    <adm:default-behavior>
      <adm:defined>
        <adm:value>Hello World</adm:value>
      </adm:defined>
    </adm:default-behavior>
    <adm:syntax>
      <adm:string />
    </adm:syntax>
    <adm:profile name="ldap">
      <ldap:attribute>
        <ldap:name>ds-cfg-example-plugin-message</ldap:name>
      </ldap:attribute>
    </adm:profile>
  </adm:property>
</adm:managed-object>
